title,title2,title3,导演和主演,评分,protagonist,链接
肖申克的救赎,/The Shawshank Redemption,/月黑高飞(港)  /  刺激1995(台),导演: 弗兰克·德拉邦特 Frank Darabont主演: 蒂姆·罗宾斯 Tim Robbins /...,9.7,希望让人自由。,https://movie.douban.com/subject/1292052/
霸王别姬,/再见，我的妾  /  Farewell My Concubine,,导演: 陈凯歌 Kaige Chen主演: 张国荣 Leslie Cheung / 张丰毅 Fengyi Zha...,9.6,风华绝代。,https://movie.douban.com/subject/1291546/
泰坦尼克号,/Titanic,/铁达尼号(港 / 台),导演: 詹姆斯·卡梅隆 James Cameron主演: 莱昂纳多·迪卡普里奥 Leonardo...,9.5,失去的才是永恒的。 ,https://movie.douban.com/subject/1292722/
阿甘正传,/Forrest Gump,/福雷斯特·冈普,导演: 罗伯特·泽米吉斯 Robert Zemeckis主演: 汤姆·汉克斯 Tom Hanks / ...,9.5,一部美国近现代史。,https://movie.douban.com/subject/1292720/
千与千寻,/千と千尋の神隠し,/神隐少女(台)  /  千与千寻的神隐,导演: 宫崎骏 Hayao Miyazaki主演: 柊瑠美 Rumi Hîragi / 入野自由 Miy...,9.4,最好的宫崎骏，最好的久石让。 ,https://movie.douban.com/subject/1291561/
美丽人生,/La vita è bella,/一个快乐的传说(港)  /  Life Is Beautiful,导演: 罗伯托·贝尼尼 Roberto Benigni主演: 罗伯托·贝尼尼 Roberto Beni...,9.5,最美的谎言。,https://movie.douban.com/subject/1292063/
这个杀手不太冷,/Léon,/终极追杀令(台)  /  杀手莱昂,导演: 吕克·贝松 Luc Besson主演: 让·雷诺 Jean Reno / 娜塔莉·波特曼 ...,9.4,怪蜀黍和小萝莉不得不说的故事。,https://movie.douban.com/subject/1295644/
星际穿越,/Interstellar,/星际启示录(港)  /  星际效应(台),导演: 克里斯托弗·诺兰 Christopher Nolan主演: 马修·麦康纳 Matthew Mc...,9.4,爱是一种力量，让我们超越时空感知它的存在。,https://movie.douban.com/subject/1889243/
盗梦空间,/Inception,/潜行凶间(港)  /  全面启动(台),导演: 克里斯托弗·诺兰 Christopher Nolan主演: 莱昂纳多·迪卡普里奥 Le...,9.4,诺兰给了我们一场无法盗取的梦。,https://movie.douban.com/subject/3541415/
楚门的世界,/The Truman Show,/真人Show(港)  /  真人戏,导演: 彼得·威尔 Peter Weir主演: 金·凯瑞 Jim Carrey / 劳拉·琳妮 Lau...,9.4,如果再也不能见到你，祝你早安，午安，晚安。,https://movie.douban.com/subject/1292064/
辛德勒的名单,/Schindler's List,/舒特拉的名单(港)  /  辛德勒名单,导演: 史蒂文·斯皮尔伯格 Steven Spielberg主演: 连姆·尼森 Liam Neeson...,9.5,拯救一个人，就是拯救整个世界。,https://movie.douban.com/subject/1295124/
忠犬八公的故事,/Hachi: A Dog's Tale,/秋田犬八千(港)  /  忠犬小八(台),导演: 莱塞·霍尔斯道姆 Lasse Hallström主演: 理查·基尔 Richard Ger...,9.4,永远都不能忘记你所爱的人。,https://movie.douban.com/subject/3011091/
海上钢琴师,/La leggenda del pianista sull'oceano,/声光伴我飞(港)  /  一九零零的传奇,导演: 朱塞佩·托纳多雷 Giuseppe Tornatore主演: 蒂姆·罗斯 Tim Roth / ...,9.3,每个人都要走一条自己坚定了的路，就算是粉身碎骨。 ,https://movie.douban.com/subject/1292001/
三傻大闹宝莱坞,/3 Idiots,/三个傻瓜(台)  /  作死不离3兄弟(港),导演: 拉库马·希拉尼 Rajkumar Hirani主演: 阿米尔·汗 Aamir Khan / 卡...,9.2,英俊版憨豆，高情商版谢耳朵。,https://movie.douban.com/subject/3793023/
疯狂动物城,/Zootopia,/优兽大都会(港)  /  动物方城市(台),导演: 拜伦·霍华德 Byron Howard / 瑞奇·摩尔 Rich Moore主演: 金妮弗·...,9.2,迪士尼给我们营造的乌托邦就是这样，永远善良勇敢，永远出乎意料。,https://movie.douban.com/subject/25662329/
放牛班的春天,/Les choristes,/歌声伴我心(港)  /  唱诗班男孩,导演: 克里斯托夫·巴拉蒂 Christophe Barratier主演: 让-巴蒂斯特·莫尼...,9.3,天籁一般的童声，是最接近上帝的存在。 ,https://movie.douban.com/subject/1291549/
机器人总动员,/WALL·E,/太空奇兵·威E(港)  /  瓦力(台),导演: 安德鲁·斯坦顿 Andrew Stanton主演: 本·贝尔特 Ben Burtt / 艾丽...,9.3,小瓦力，大人生。,https://movie.douban.com/subject/2131459/
无间道,/無間道,/Infernal Affairs  /  Mou gaan dou,导演: 刘伟强 / 麦兆辉主演: 刘德华 Andy Lau / 梁朝伟 Tony Leung Chiu W...,9.3,香港电影史上永不过时的杰作。,https://movie.douban.com/subject/1307914/
控方证人,/Witness for the Prosecution,/雄才伟略  /  情妇,导演: 比利·怀尔德 Billy Wilder主演: 泰隆·鲍华 Tyrone Power / 玛琳·...,9.6,比利·怀德满分作品。,https://movie.douban.com/subject/1296141/
大话西游之大圣娶亲,/西遊記大結局之仙履奇緣,/西游记完结篇仙履奇缘  /  齐天大圣西游记,导演: 刘镇伟 Jeffrey Lau主演: 周星驰 Stephen Chow / 吴孟达 Man Tat Ng...,9.2,一生所爱。,https://movie.douban.com/subject/1292213/
熔炉,/도가니,/无声呐喊(港)  /  漩涡,导演: 黄东赫 Dong-hyuk Hwang主演: 孔侑 Yoo Gong / 郑有美 Yu-mi Jung /...,9.3,我们一路奋战不是为了改变世界，而是为了不让世界改变我们。,https://movie.douban.com/subject/5912992/
触不可及,/Intouchables,/闪亮人生(港)  /  逆转人生(台),导演: 奥利维·那卡什 Olivier Nakache / 艾力克·托兰达 Eric Toledano主...,9.3,满满温情的高雅喜剧。,https://movie.douban.com/subject/6786002/
教父,/The Godfather,/Mario Puzo's The Godfather,导演: 弗朗西斯·福特·科波拉 Francis Ford Coppola主演: 马龙·白兰度 M...,9.3,千万不要记恨你的对手，这样会让你失去理智。,https://movie.douban.com/subject/1291841/
寻梦环游记,/Coco,/玩转极乐园(港)  /  可可夜总会(台),导演: 李·昂克里奇 Lee Unkrich / 阿德里安·莫利纳 Adrian Molina主演: ...,9.1,死亡不是真的逝去，遗忘才是永恒的消亡。,https://movie.douban.com/subject/20495023/
当幸福来敲门,/The Pursuit of Happyness,/寻找快乐的故事(港)  /  追求快乐,导演: 加布里尔·穆奇诺 Gabriele Muccino主演: 威尔·史密斯 Will Smith ...,9.1,平民励志片。 ,https://movie.douban.com/subject/1849031/
末代皇帝,/The Last Emperor,/末代皇帝溥仪(港)  /  L'ultimo imperatore,导演: 贝纳尔多·贝托鲁奇 Bernardo Bertolucci主演: 尊龙 John Lone / 陈...,9.3,“不要跟我比惨，我比你更惨”再适合这部电影不过了。,https://movie.douban.com/subject/1293172/
哈利·波特与魔法石,/Harry Potter and the Sorcerer's Stone,/哈利波特1：神秘的魔法石(港 / 台) ,导演: Chris Columbus主演: Daniel Radcliffe / Emma Watson / Rupert Grint,9.2,童话世界的开端。,https://movie.douban.com/subject/1295038/
龙猫,/となりのトトロ,/邻居托托罗  /  邻家的豆豆龙,导演: 宫崎骏 Hayao Miyazaki主演: 日高法子 Noriko Hidaka / 坂本千夏 Ch...,9.2,人人心中都有个龙猫，童年就永远不会消失。,https://movie.douban.com/subject/1291560/
怦然心动,/Flipped,/萌动青春  /  青春萌动,导演: 罗伯·莱纳 Rob Reiner主演: 玛德琳·卡罗尔 Madeline Carroll / 卡...,9.1,真正的幸福是来自内心深处。,https://movie.douban.com/subject/3319755/
活着,/人生  /  Lifetimes,,导演: 张艺谋 Yimou Zhang主演: 葛优 You Ge / 巩俐 Li Gong / 姜武 Wu Jiang,9.3,张艺谋最好的电影。,https://movie.douban.com/subject/1292365/
蝙蝠侠：黑暗骑士,/The Dark Knight,/蝙蝠侠前传2：黑暗骑士  /  黑暗骑士(台),导演: 克里斯托弗·诺兰 Christopher Nolan主演: 克里斯蒂安·贝尔 Christ...,9.2,无尽的黑暗。,https://movie.douban.com/subject/1851857/
指环王3：王者无敌,/The Lord of the Rings: The Return of the King,/魔戒三部曲：王者再临(台 / 港) ,导演: 彼得·杰克逊 Peter Jackson主演: 伊利亚·伍德 Elijah Wood / 西恩...,9.3,史诗的终章。,https://movie.douban.com/subject/1291552/
我不是药神,/中国药神  /  印度药神,,导演: 文牧野 Muye Wen主演: 徐峥 Zheng Xu / 王传君 Chuanjun Wang / 周...,9.0,对我们国家而言，这样的电影多一部是一部。,https://movie.douban.com/subject/26752088/
乱世佳人,/Gone with the Wind,/飘,导演: 维克多·弗莱明 Victor Fleming / 乔治·库克 George Cukor主演: 费...,9.3,Tomorrow is another day.,https://movie.douban.com/subject/1300267/
飞屋环游记,/Up,/冲天救兵(港)  /  天外奇迹(台),导演: 彼特·道格特 Pete Docter / 鲍勃·彼德森 Bob Peterson主演: 爱德...,9.1,最后那些最无聊的事情，才是最值得怀念的。 ,https://movie.douban.com/subject/2129039/
让子弹飞,/让子弹飞一会儿  /  火烧云,,导演: 姜文 Wen Jiang主演: 姜文 Wen Jiang / 葛优 You Ge / 周润发 Yun-F...,9.0,你给我翻译翻译，神马叫做TMD的惊喜。,https://movie.douban.com/subject/3742360/
哈尔的移动城堡,/ハウルの動く城,/哈尔移动城堡(港)  /  霍尔的移动城堡(台),导演: 宫崎骏 Hayao Miyazaki主演: 倍赏千惠子 Chieko Baishô / 木村拓...,9.1,带着心爱的人在天空飞翔。,https://movie.douban.com/subject/1308807/
素媛,/소원,/许愿  /  希望：为爱重生(台),导演: 李濬益 Jun-ik Lee主演: 薛景求 Kyung-gu Sol / 严志媛 Ji-won Uhm ...,9.3,受过伤害的人总是笑得最开心，因为他们不愿意让身边的人承受一样的痛苦。,https://movie.douban.com/subject/21937452/
十二怒汉,/12 Angry Men,/12怒汉  /  十二怒汉,导演: Sidney Lumet主演: 亨利·方达 Henry Fonda / 马丁·鲍尔萨姆 Marti...,9.4,1957年的理想主义。 ,https://movie.douban.com/subject/1293182/
海蒂和爷爷,/Heidi,/飘零燕(港)  /  海蒂,导演: 阿兰·葛斯彭纳 Alain Gsponer主演: 阿努克·斯特芬 Anuk Steffen /...,9.3,如果生活中有什么使你感到快乐，那就去做吧！不要管别人说什么。,https://movie.douban.com/subject/25958717/
猫鼠游戏,/Catch Me If You Can,/逍遥法外  /  捉智双雄(港),导演: 史蒂文·斯皮尔伯格 Steven Spielberg主演: 莱昂纳多·迪卡普里奥 L...,9.1,骗子大师和执著警探的你追我跑故事。 ,https://movie.douban.com/subject/1305487/
天空之城,/天空の城ラピュタ,/天空之城拉普他  /  空中城堡拉普他,导演: 宫崎骏 Hayao Miyazaki主演: 田中真弓 Mayumi Tanaka / 横泽启子 Ke...,9.2,对天空的追逐，永不停止。 ,https://movie.douban.com/subject/1291583/
摔跤吧！爸爸,/Dangal,/我和我的冠军女儿(台)  /  打死不离3父女(港),导演: 涅提·蒂瓦里 Nitesh Tiwari主演: 阿米尔·汗 Aamir Khan / 法缇玛...,9.0,你不是在为你一个人战斗，你要让千千万万的女性看到女生并不是只能相夫教子。,https://movie.douban.com/subject/26387939/
鬼子来了,/Devils on the Doorstep,,导演: 姜文 Wen Jiang主演: 姜文 Wen Jiang / 香川照之 Teruyuki Kagawa /...,9.3,对敌人的仁慈，就是对自己残忍。,https://movie.douban.com/subject/1291858/
少年派的奇幻漂流,/Life of Pi,/少年Pi的奇幻漂流  /  漂流少年Pi,导演: 李安 Ang Lee主演: 苏拉·沙玛 Suraj Sharma / 伊尔凡·可汗 Irrfan...,9.1,瑰丽壮观、无人能及的冒险之旅。,https://movie.douban.com/subject/1929463/
钢琴家,/The Pianist,/钢琴战曲(港)  /  战地琴人(台),导演: 罗曼·波兰斯基 Roman Polanski主演: 艾德里安·布洛迪 Adrien Brod...,9.3,,https://movie.douban.com/subject/1296736/
指环王2：双塔奇兵,/The Lord of the Rings: The Two Towers,/魔戒二部曲：双城奇谋  /  指环王II：双塔,导演: 彼得·杰克逊 Peter Jackson主演: 伊利亚·伍德 Elijah Wood / 西恩...,9.2,承前启后的史诗篇章。,https://movie.douban.com/subject/1291572/
大话西游之月光宝盒,/西遊記第壹佰零壹回之月光寶盒,/西游记101回月光宝盒  /  齐天大圣东游记,导演: 刘镇伟 Jeffrey Lau主演: 周星驰 Stephen Chow / 吴孟达 Man Tat Ng...,9.0,,https://movie.douban.com/subject/1299398/
死亡诗社,/Dead Poets Society,/暴雨骄阳(港)  /  春风化雨(台),导演: 彼得·威尔 Peter Weir主演: 罗宾·威廉姆斯 Robin Williams / 罗伯...,9.2,当一个死水般的体制内出现一个活跃的变数时，所有的腐臭都站在了光明的对面。,https://movie.douban.com/subject/1291548/
何以为家,/كفرناحوم,/迦百农  /  星仔打官司(港),导演: 娜丁·拉巴基 Nadine Labaki主演: 扎因·拉费阿 Zain al-Rafeea / ...,9.1,凝视卑弱生命，用电影改变命运。,https://movie.douban.com/subject/30170448/
闻香识女人,/Scent of a Woman,/女人香  /  女人的芳香,导演: 马丁·布莱斯 Martin Brest主演: 阿尔·帕西诺 Al Pacino / 克里斯...,9.1,,https://movie.douban.com/subject/1298624/
绿皮书,/Green Book,/绿簿旅友(港)  /  幸福绿皮书(台),导演: 彼得·法雷里 Peter Farrelly主演: 维果·莫腾森 Viggo Mortensen /...,8.9,去除成见，需要勇气。,https://movie.douban.com/subject/27060077/
大闹天宫,/大闹天宫 上下集  /  The Monkey King,,导演: 万籁鸣 Laiming Wan主演: 邱岳峰 Yuefeng Qiu / 富润生 Runsheng Fu...,9.4,,https://movie.douban.com/subject/1418019/
黑客帝国,/The Matrix,/22世纪杀人网络(港)  /  廿二世纪杀人网络(港),导演: 安迪·沃卓斯基 Andy Wachowski / 拉娜·沃卓斯基 Lana Wachowski主...,9.1,,https://movie.douban.com/subject/1291843/
罗马假日,/Roman Holiday,/金枝玉叶(港)  /  罗马假期(台),导演: 威廉·惠勒 William Wyler主演: 奥黛丽·赫本 Audrey Hepburn / 格...,9.1,,https://movie.douban.com/subject/1293839/
指环王1：护戒使者,/The Lord of the Rings: The Fellowship of the Ring,/指环王1：魔戒再现  /  指环王I：护戒使者,导演: 彼得·杰克逊 Peter Jackson主演: 伊利亚·伍德 Elijah Wood / 西恩...,9.1,,https://movie.douban.com/subject/1291571/
教父2,/The Godfather: Part II,/教父续集(港)  /  教父II,导演: 弗朗西斯·福特·科波拉 Francis Ford Coppola主演: 阿尔·帕西诺 A...,9.3,,https://movie.douban.com/subject/1299131/
狮子王,/The Lion King,/狮子王3D,导演: Roger Allers / 罗伯·明可夫 Rob Minkoff主演: 乔纳森·泰勒·托马...,9.1,,https://movie.douban.com/subject/1301753/
天堂电影院,/Nuovo Cinema Paradiso,/星光伴我心(港)  /  新天堂乐园(台),导演: 朱塞佩·托纳多雷 Giuseppe Tornatore主演: 菲利普·努瓦雷 Philipp...,9.2,,https://movie.douban.com/subject/1291828/
饮食男女,/飲食男女,/Eat Drink Man Woman,导演: 李安 Ang Lee主演: 郎雄 Sihung Lung / 杨贵媚 Kuei-Mei Yang / 吴...,9.2,,https://movie.douban.com/subject/1291818/
辩护人,/변호인,/逆权大状(港)  /  正义辩护人(台),导演: 杨宇硕 Woo-seok Yang主演: 宋康昊 Kang-ho Song / 金英爱 Yeong-ae...,9.2,电影的现实意义大过电影本身。,https://movie.douban.com/subject/21937445/
搏击俱乐部,/Fight Club,/搏击会(港)  /  斗阵俱乐部(台),导演: 大卫·芬奇 David Fincher主演: 爱德华·诺顿 Edward Norton / 布拉...,9.0,,https://movie.douban.com/subject/1292000/
本杰明·巴顿奇事,/The Curious Case of Benjamin Button,/奇幻逆缘(港)  /  班杰明的奇幻旅程(台),导演: 大卫·芬奇 David Fincher主演: 凯特·布兰切特 Cate Blanchett / ...,9.0,在时间之河里感受溺水之苦。,https://movie.douban.com/subject/1485260/
美丽心灵,/A Beautiful Mind,/有你终生美丽(港)  /  美丽境界(台),导演: 朗·霍华德 Ron Howard主演: 罗素·克劳 Russell Crowe / 艾德·哈...,9.1,,https://movie.douban.com/subject/1306029/
穿条纹睡衣的男孩,/The Boy in the Striped Pajamas,/穿条纹衣服的男孩  /  穿条纹衣的男孩,导演: 马克·赫尔曼 Mark Herman主演: 阿萨·巴特菲尔德 Asa Butterfield ...,9.2,尽管有些不切实际的幻想，这部电影依旧是一部感人肺腑的佳作。,https://movie.douban.com/subject/3008247/
情书,/Love Letter,/When I Close My Eyes  /  Letters of Love,导演: 岩井俊二 Shunji Iwai主演: 中山美穗 Miho Nakayama / 丰川悦司 Ets...,8.9,,https://movie.douban.com/subject/1292220/
窃听风暴,/Das Leben der Anderen,/窃听者(港)  /  他人的生活,导演: 弗洛里安·亨克尔·冯·多纳斯马尔克 Florian Henckel von Donnersmarck&n...,9.2,别样人生。,https://movie.douban.com/subject/1900841/
两杆大烟枪,"/Lock, Stock and Two Smoking Barrels",/够姜四小强(港)  /  两根枪管(台),导演: 盖·里奇 Guy Ritchie主演: 杰森·弗莱明 Jason Flemyng / 德克斯特...,9.1,,https://movie.douban.com/subject/1293350/
哈利·波特与死亡圣器(下),/Harry Potter and the Deathly Hallows: Part 2,/哈利波特7：死神的圣物2(港 / 台) ,导演: 大卫·叶茨 David Yates主演: 丹尼尔·雷德克里夫 Daniel Radcliffe...,9.0,10年的完美句点。,https://movie.douban.com/subject/3011235/
音乐之声,/The Sound of Music,/仙乐飘飘处处闻(港)  /  真善美(台),导演: 罗伯特·怀斯 Robert Wise主演: 朱莉·安德鲁斯 Julie Andrews / 克...,9.1,,https://movie.douban.com/subject/1294408/
西西里的美丽传说,/Malèna,/真爱伴我行(台)  /  玛莲娜,导演: 朱塞佩·托纳多雷 Giuseppe Tornatore主演: 莫妮卡·贝鲁奇 Monica ...,8.9,,https://movie.douban.com/subject/1292402/
阿凡达,/Avatar,/,导演: 詹姆斯·卡梅隆 James Cameron主演: 萨姆·沃辛顿 Sam Worthington ...,8.8,绝对意义上的美轮美奂。,https://movie.douban.com/subject/1652587/
功夫,/功夫3D  /  Kung Fu Hustle,,导演: 周星驰 Stephen Chow主演: 周星驰 Stephen Chow / 元秋 Qiu Yuen / ...,8.9,警恶惩奸，维护世界和平这个任务就交给你了，好吗？,https://movie.douban.com/subject/1291543/
看不见的客人,/Contratiempo,/死无对证(港)  /  布局(台),导演: 奥里奥尔·保罗 Oriol Paulo主演: 马里奥·卡萨斯 Mario Casas / 阿...,8.8,你以为你以为的就是你以为的。,https://movie.douban.com/subject/26580232/
哈利·波特与阿兹卡班的囚徒,/Harry Potter and the Prisoner of Azkaban,/哈利波特3：阿兹卡班的逃犯(港 / 台) ,导演: 阿方索·卡隆 Alfonso Cuarón主演: 丹尼尔·雷德克里夫 Daniel Rad...,9.0,不一样的导演，不一样的哈利·波特。,https://movie.douban.com/subject/1291544/
拯救大兵瑞恩,/Saving Private Ryan,/雷霆救兵(港)  /  抢救雷恩大兵(台),导演: 史蒂文·斯皮尔伯格 Steven Spielberg主演: 汤姆·汉克斯 Tom Hanks...,9.1,,https://movie.douban.com/subject/1292849/
小鞋子,/بچه های آسمان,/天堂的孩子  /  小童鞋,导演: 马基德·马基迪 Majid Majidi主演: 默罕默德·阿米尔·纳吉 Mohamma...,9.2,,https://movie.douban.com/subject/1303021/
沉默的羔羊,/The Silence of the Lambs,/沉默的羔羊,导演: 乔纳森·戴米 Jonathan Demme主演: 朱迪·福斯特 Jodie Foster / 安...,8.9,,https://movie.douban.com/subject/1293544/
飞越疯人院,/One Flew Over the Cuckoo's Nest,/飞越杜鹃窝(台)  /  飞越喜鹊巢,导演: 米洛斯·福尔曼 Miloš Forman主演: 杰克·尼科尔森 Jack Nichols...,9.1,,https://movie.douban.com/subject/1292224/
布达佩斯大饭店,/The Grand Budapest Hotel,/布达佩斯大酒店(港)  /  欢迎来到布达佩斯大饭店(台),导演: 韦斯·安德森 Wes Anderson主演: 拉尔夫·费因斯 Ralph Fiennes / ...,8.9,小清新的故事里注入了大历史的情怀。,https://movie.douban.com/subject/11525673/
蝴蝶效应,/The Butterfly Effect,/蝴蝶效应,导演: 埃里克·布雷斯 Eric Bress / J·麦基·格鲁伯 J. Mackye Gruber主...,8.9,人的命运被自己瞬间的抉择改变。,https://movie.douban.com/subject/1292343/
禁闭岛,/Shutter Island,/不赦岛(港)  /  隔离岛(台),导演: Martin Scorsese主演: 莱昂纳多·迪卡普里奥 Leonardo DiCaprio / ...,8.9,昔日翩翩少年，今日大腹便便。,https://movie.douban.com/subject/2334904/
致命魔术,/The Prestige,/死亡魔法(港)  /  顶尖对决(台),导演: 克里斯托弗·诺兰 Christopher Nolan主演: 休·杰克曼 Hugh Jackman...,8.9,孪生蝙蝠侠大战克隆金刚狼。,https://movie.douban.com/subject/1780330/
心灵捕手,/Good Will Hunting,/骄阳似我(港)  /  心灵捕手,导演: 格斯·范·桑特 Gus Van Sant主演: 马特·达蒙 Matt Damon / 罗宾·...,9.0,,https://movie.douban.com/subject/1292656/
低俗小说,/Pulp Fiction,/危险人物(港)  /  黑色追缉令(台),导演: 昆汀·塔伦蒂诺 Quentin Tarantino主演: 约翰·特拉沃尔塔 John Tra...,8.9,,https://movie.douban.com/subject/1291832/
超脱,/Detachment,/人间师格(台),导演: 托尼·凯耶 Tony Kaye主演: 艾德里安·布洛迪 Adrien Brody / 马西...,9.0,穷尽一生，我们要学会的，不过是彼此拥抱。,https://movie.douban.com/subject/5322596/
哈利·波特与密室,/Harry Potter and the Chamber of Secrets,/哈利波特2：消失的密室(港 / 台) ,导演: Chris Columbus主演: 丹尼尔·雷德克里夫 Daniel Radcliffe / 艾玛...,8.9,,https://movie.douban.com/subject/1296996/
摩登时代,/Modern Times,/The Masses  /  Les Temps modernes,导演: 查理·卓别林 Charles Chaplin主演: 查理·卓别林 Charles Chaplin ...,9.3,,https://movie.douban.com/subject/1294371/
喜剧之王,/喜劇之王,/King of Comedy,导演: 周星驰 Stephen Chow / 李力持 Lik-Chi Lee主演: 周星驰 Stephen Ch...,8.8,,https://movie.douban.com/subject/1302425/
致命ID,/Identity,/杀人游戏  /  致命身份,导演: 詹姆斯·曼高德 James Mangold主演: 约翰·库萨克 John Cusack / 雷...,8.9,,https://movie.douban.com/subject/1297192/
杀人回忆,/살인의 추억,/谋杀回忆  /  杀手回忆录,导演: 奉俊昊 Joon-ho Bong主演: 宋康昊 Kang-ho Song / 金相庆 Sang-kyun...,8.9,,https://movie.douban.com/subject/1300299/
春光乍泄,/春光乍洩,/一起快乐  /  Happy Together,导演: 王家卫 Kar Wai Wong主演: 张国荣 Leslie Cheung / 梁朝伟 Tony Leu...,9.0,,https://movie.douban.com/subject/1292679/
海豚湾,/The Cove,/血色海湾(台)  /  海湾,导演: 路易·西霍尤斯 Louie Psihoyos主演: 路易·西霍尤斯 Louie Psihoyo...,9.3,海豚的微笑，是世界上最高明的伪装。,https://movie.douban.com/subject/3442220/
一一,/Yi yi  /  Yi yi: A One and a Two,,导演: 杨德昌 Edward Yang主演: 吴念真 / 李凯莉 Kelly Lee / 金燕玲 Elai...,9.1,,https://movie.douban.com/subject/1292434/
美国往事,/Once Upon a Time in America,/四海兄弟(台)  /  义薄云天(港),导演: 赛尔乔·莱翁内 Sergio Leone主演: 罗伯特·德尼罗 Robert De Niro ...,9.1,,https://movie.douban.com/subject/1292262/
加勒比海盗,/Pirates of the Caribbean: The Curse of the Black Pearl,/加勒比海盗1：黑珍珠号的诅咒  /  神鬼奇航：鬼盗船魔咒(台),导演: 戈尔·维宾斯基 Gore Verbinski主演: 约翰尼·德普 Johnny Depp / ...,8.8,,https://movie.douban.com/subject/1298070/
红辣椒,/パプリカ,/盗梦侦探(港 / 台) ,导演: 今敏 Satoshi Kon主演: 林原惠美 Megumi Hayashibara / 江守彻 Toru...,9.0,梦的勾结。,https://movie.douban.com/subject/1865703/
七宗罪,/Se7en,/火线追缉令(台)  /  7宗罪,导演: 大卫·芬奇 David Fincher主演: 摩根·弗里曼 Morgan Freeman / 布...,8.8,,https://movie.douban.com/subject/1292223/
唐伯虎点秋香,/唐伯虎點秋香,/Flirting Scholar,导演: 李力持 Lik-Chi Lee主演: 周星驰 Stephen Chow / 巩俐 Li Gong / 陈...,8.7,,https://movie.douban.com/subject/1306249/
狩猎,/Jagten,/诬网(港)  /  谎言的烙印(台),导演: 托马斯·温特伯格 Thomas Vinterberg主演: 麦斯·米科尔森 Mads Mik...,9.1,人言可畏。,https://movie.douban.com/subject/6985810/
还有明天,/C'è ancora domani,/明天还有梦(港)  /  我们还有明天(台),导演: 宝拉·柯特莱西 Paola Cortellesi主演: 宝拉·柯特莱西 Paola Corte...,9.4,,https://movie.douban.com/subject/36445098/
甜蜜蜜,/Comrades: Almost a Love Story,,导演: 陈可辛 Peter Chan主演: 黎明 Leon Lai / 张曼玉 Maggie Cheung / ...,8.9,,https://movie.douban.com/subject/1305164/
7号房的礼物,/7번방의 선물,/戆爸的礼物(港)  /  7号囚房的礼物,导演: 李焕庆 Hwan-kyeong Lee主演: 柳承龙 Seung-yong Ryoo / 朴信惠 Shi...,8.9,《我是山姆》的《美丽人生》。,https://movie.douban.com/subject/10777687/
蝙蝠侠：黑暗骑士崛起,/The Dark Knight Rises,/蝙蝠侠前传3：黑暗骑士崛起  /  黑暗骑士：黎明升起(台),导演: 克里斯托弗·诺兰 Christopher Nolan主演: 克里斯蒂安·贝尔 Christ...,8.9,诺兰就是保证。,https://movie.douban.com/subject/3395373/
寄生虫,/기생충,/寄生上流(台)  /  上流寄生族(港),导演: 奉俊昊 Joon-ho Bong主演: 宋康昊 Kang-ho Song / 李善均 Seon-gyun...,8.8,,https://movie.douban.com/subject/27010768/
天书奇谭,/天书奇谭4K纪念版  /  The Legend of Sealed Book,,导演: 王树忱 Shuchen Wang / 钱运达 Yunda Qian主演: 丁建华 Jianhua Din...,9.2,,https://movie.douban.com/subject/1428581/
超能陆战队,/Big Hero 6,/大英雄联盟(港)  /  大英雄天团(台),导演: 唐·霍尔 Don Hall / 克里斯·威廉姆斯 Chris Williams主演: 斯科特...,8.8,Balalala~~~,https://movie.douban.com/subject/11026735/
被嫌弃的松子的一生,/嫌われ松子の一生,/花样奇缘(港)  /  令人讨厌的松子的一生(台),导演: 中岛哲也 Tetsuya Nakashima主演: 中谷美纪 Miki Nakatani / 瑛太 E...,8.8,以戏谑来戏谑戏谑。,https://movie.douban.com/subject/1787291/
爱在黎明破晓前,/Before Sunrise,/情留半天(港)  /  爱在黎明破晓时(台),导演: 理查德·林克莱特 Richard Linklater主演: 伊桑·霍克 Ethan Hawke ...,8.8,,https://movie.douban.com/subject/1296339/
第六感,/The Sixth Sense,/鬼眼(港)  /  灵异第六感(台),导演: M·奈特·沙马兰 M. Night Shyamalan主演: 布鲁斯·威利斯 Bruce Wi...,8.9,,https://movie.douban.com/subject/1297630/
重庆森林,/重慶森林,/Chungking Express,导演: 王家卫 Kar Wai Wong主演: 林青霞 Brigitte Lin / 金城武 Takeshi K...,8.8,,https://movie.douban.com/subject/1291999/
爱在日落黄昏时,/Before Sunset,/日落巴黎(港)  /  爱在日落巴黎时(台),导演: 理查德·林克莱特 Richard Linklater主演: 伊桑·霍克 Ethan Hawke ...,8.9,九年后的重逢是世俗和责任的交叠，没了悸动和青涩，沧桑而温暖。,https://movie.douban.com/subject/1291990/
幽灵公主,/もののけ姫,/魔法公主(港)  /  魔法公主(台),导演: 宫崎骏 Hayao Miyazaki主演: 松田洋治 Yôji Matsuda / 石田百合...,8.9,,https://movie.douban.com/subject/1297359/
入殓师,/おくりびと,/礼仪师之奏鸣曲(港)  /  礼仪师(台),导演: 泷田洋二郎 Yôjirô Takita主演: 本木雅弘 Masahiro Motoki / ...,8.9,死可能是一道门，逝去并不是终结，而是超越，走向下一程。,https://movie.douban.com/subject/2149806/
剪刀手爱德华,/Edward Scissorhands,/幻海奇缘(港)  /  剪刀手爱德华,导演: 蒂姆·波顿 Tim Burton主演: 约翰尼·德普 Johnny Depp / 薇诺娜·...,8.7,,https://movie.douban.com/subject/1292370/
断背山,/Brokeback Mountain,/断臂山  /  BBM,导演: 李安 Ang Lee主演: 希斯·莱杰 Heath Ledger / 杰克·吉伦哈尔 Jake...,8.8,每个人心中都有一座断背山。,https://movie.douban.com/subject/1418834/
菊次郎的夏天,/菊次郎の夏,/菊次郎之夏  /  Kikujirô no natsu,导演: 北野武 Takeshi Kitano主演: 北野武 Takeshi Kitano / 关口雄介 Yus...,8.9,,https://movie.douban.com/subject/1293359/
勇敢的心,/Braveheart,/惊世未了缘(港)  /  梅尔吉勃逊之英雄本色(台),导演: 梅尔·吉布森 Mel Gibson主演: 梅尔·吉布森 Mel Gibson / 苏菲·玛...,8.9,,https://movie.douban.com/subject/1294639/
未麻的部屋,/Perfect Blue,/蓝色恐惧(港 / 台) ,导演: 今敏 Satoshi Kon主演: 岩男润子 Junko Iwao / 松本梨香 Rica Matsu...,9.1,,https://movie.douban.com/subject/1395091/
哈利·波特与火焰杯,/Harry Potter and the Goblet of Fire,/哈利波特4：火杯的考验(港 / 台) ,导演: 迈克·内威尔 Mike Newell主演: 丹尼尔·雷德克里夫 Daniel Radclif...,8.8,,https://movie.douban.com/subject/1309055/
借东西的小人阿莉埃蒂,/借りぐらしのアリエッティ,/借物少女艾莉缇(台)  /  借东西的小矮人亚莉亚蒂(港),导演: 米林宏昌 Hiromasa Yonebayashi主演: 志田未来 Mirai Shida / 神木...,8.9,曾经的那段美好会沉淀为一辈子的记忆。,https://movie.douban.com/subject/4202302/
茶馆,/The Teahouse,,导演: 谢添 Tian Xie主演: 于是之 Shizhi Yu / 郑榕 Rong Zhen / 蓝天野 T...,9.6,,https://movie.douban.com/subject/1461403/
头脑特工队,/Inside Out,/玩转脑朋友(港)  /  脑筋急转弯(台),导演: 彼特·道格特 Pete Docter / 罗纳尔多·德尔·卡门 Ronaldo Del Carmen&nb...,8.8,愿我们都不用长大，每一座城堡都能永远存在。,https://movie.douban.com/subject/10533913/
时空恋旅人,/About Time,/回到最爱的一天(港)  /  真爱每一天(台),导演: 理查德·柯蒂斯 Richard Curtis主演: 多姆纳尔·格里森 Domhnall Gl...,8.8,把每天当作最后一天般珍惜度过，积极拥抱生活，就是幸福。,https://movie.douban.com/subject/10577869/
消失的爱人,/Gone Girl,/失踪的女孩  /  失踪女孩,导演: 大卫·芬奇 David Fincher主演: 本·阿弗莱克 Ben Affleck / 罗莎蒙...,8.7,年度最佳date movie。,https://movie.douban.com/subject/21318488/
倩女幽魂,/倩女幽魂(87版)  /  倩女幽魂：妖魔道,,导演: 程小东 Siu-Tung Ching主演: 张国荣 Leslie Cheung / 王祖贤 Joey W...,8.8,,https://movie.douban.com/subject/1297447/
无人知晓,/誰も知らない,/谁知赤子心(港)  /  无人知晓的夏日清晨(台),导演: 是枝裕和 Hirokazu Koreeda主演: 柳乐优弥 Yûya Yagira / 北浦爱...,9.1,我的平常生活就是他人的幸福。,https://movie.douban.com/subject/1292337/
阳光灿烂的日子,/In the Heat of the Sun,,导演: 姜文 Wen Jiang主演: 夏雨 Yu Xia / 宁静 Jing Ning / 陶虹 Hong Tao,8.8,,https://movie.douban.com/subject/1291875/
完美的世界,/A Perfect World,/强盗保镳,导演: 克林特·伊斯特伍德 Clint Eastwood主演: 凯文·科斯特纳 Kevin Cos...,9.1,,https://movie.douban.com/subject/1300992/
天使爱美丽,/Le Fabuleux destin d'Amélie Poulain,/艾蜜莉的异想世界(台)  /  天使艾米莉,导演: 让-皮埃尔·热内 Jean-Pierre Jeunet主演: 奥黛丽·塔图 Audrey Tau...,8.7,,https://movie.douban.com/subject/1292215/
小森林 夏秋篇,/リトル・フォレスト 夏・秋,/小森食光 / 夏秋篇(台) ,导演: 森淳一 Junichi Mori主演: 桥本爱 Ai Hashimoto / 三浦贵大 Takahir...,9.0,那些静得只能听见呼吸的日子里，你明白孤独即生活。,https://movie.douban.com/subject/25814705/
花样年华,/花樣年華,/花样年华导演特别版  /  花样年华4K修复版,导演: 王家卫 Kar Wai Wong主演: 张曼玉 Maggie Cheung / 梁朝伟 Tony Leu...,8.8,,https://movie.douban.com/subject/1291557/
驯龙高手,/How to Train Your Dragon,/驯龙记(港),导演: 迪恩·德布洛斯 Dean DeBlois / 克里斯·桑德斯 Chris Sanders主演:...,8.8,和谐的生活离不开摸头与被摸头。,https://movie.douban.com/subject/2353023/
新世界,/신세계,/暗黑新世界(台)  /  New World,导演: 朴勋政 Hoon-jung Park主演: 李政宰 Jung-Jae Lee / 崔岷植 Min-sik...,8.9,要做就做得狠一点，这样才能活下去。,https://movie.douban.com/subject/10437779/
傲慢与偏见,/Pride & Prejudice,/傲慢与偏见2005  /  Pride And Prejudice,导演: 乔·怀特 Joe Wright主演: 凯拉·奈特莉 Keira Knightley / 马修·...,8.7,爱是摈弃傲慢与偏见之后的曙光。,https://movie.douban.com/subject/1418200/
侧耳倾听,/耳をすませば,/心之谷(台)  /  梦幻街少女(港),导演: 近藤喜文 Yoshifumi Kondo主演: 本名阳子 Youko Honna / 小林桂树 K...,8.9,,https://movie.douban.com/subject/1297052/
一个叫欧维的男人决定去死,/En man som heter Ove,/明天别再来敲门(台)  /  想死冇咁易(港),导演: 汉内斯·赫尔姆 Hannes Holm主演: 罗夫·拉斯加德 Rolf Lassgård...,8.9,惠及一生的美丽。,https://movie.douban.com/subject/26628357/
请以你的名字呼唤我,/Call Me by Your Name,/以你的名字呼唤我(港 / 台) ,导演: 卢卡·瓜达尼诺 Luca Guadagnino主演: 艾米·汉莫 Armie Hammer / ...,8.8,沉醉在电影的情感和视听氛围中无法自拔。,https://movie.douban.com/subject/26799731/
怪兽电力公司,"/Monsters, Inc.",/怪兽公司(港)  /  怪物公司,导演: 彼特·道格特 Pete Docter / 大卫·斯沃曼 David Silverman主演: 约...,8.8,,https://movie.douban.com/subject/1291579/
玩具总动员3,/Toy Story 3,/反斗奇兵3(港)  /  玩具的故事3,导演: 李·昂克里奇 Lee Unkrich主演: 汤姆·汉克斯 Tom Hanks / 蒂姆·艾...,8.9,跨度十五年的欢乐与泪水。,https://movie.douban.com/subject/1858711/
教父3,/The Godfather: Part III,/教父第三集  /  教父 III,导演: 弗朗西斯·福特·科波拉 Francis Ford Coppola主演: 阿尔·帕西诺 A...,9.0,,https://movie.douban.com/subject/1294240/
幸福终点站,/The Terminal,/机场客运站(港)  /  航站情缘(台),导演: 史蒂文·斯皮尔伯格 Steven Spielberg主演: 汤姆·汉克斯 Tom Hanks...,8.8,有时候幸福需要等一等。 ,https://movie.douban.com/subject/1292274/
色，戒,/色|戒  /  色·戒,,导演: 李安 Ang Lee主演: 梁朝伟 Tony Leung Chiu Wai / 汤唯 Wei Tang / ...,8.7,假戏真情，爱欲深海,https://movie.douban.com/subject/1828115/
哪吒闹海,/Prince Nezha's Triumph Against Dragon King  /  Nezha Conquers the Dragon King,,导演: 王树忱 Shuchen Wang / 严定宪 Dingxian Yan主演: 梁正晖 Zhenghui ...,9.2,,https://movie.douban.com/subject/1307315/
小森林 冬春篇,/リトル・フォレスト 冬・春,/小森食光 / 冬春篇(台) ,导演: 森淳一 Junichi Mori主演: 桥本爱 Ai Hashimoto / 三浦贵大 Takahir...,9.0,尊敬他人，尊敬你生活的这片土地，明白孤独是人生的常态。,https://movie.douban.com/subject/25814707/
被解救的姜戈,/Django Unchained,/被解放的姜戈  /  决杀令(台),导演: 昆汀·塔伦蒂诺 Quentin Tarantino主演: 杰米·福克斯 Jamie Foxx /...,8.8,热血沸腾，那个低俗、性感的无耻混蛋又来了。,https://movie.douban.com/subject/6307447/
九品芝麻官,/九品芝麻官之白面包青天  /  Hail the Judge,,导演: 王晶 Jing Wong主演: 周星驰 Stephen Chow / 吴孟达 Man Tat Ng / ...,8.8,,https://movie.douban.com/subject/1297518/
釜山行,/부산행,/尸杀列车(港)  /  尸速列车(台),导演: 延尚昊 Sang-ho Yeon主演: 孔侑 Yoo Gong / 郑有美 Yu-mi Jung / 马...,8.6,揭露人性的丧尸题材力作。,https://movie.douban.com/subject/25986180/
神偷奶爸,/Despicable Me,/卑鄙的我  /  坏蛋奖门人(港),导演: 皮艾尔·柯芬 Pierre Coffin / 克里斯·雷纳德 Chris Renaud主演: ...,8.7,Mr. I Don't Care其实也有Care的时候。,https://movie.douban.com/subject/3287562/
萤火之森,/蛍火の杜へ,/萤火之社  /  Hotarubi no mori e,导演: 大森贵弘 Takahiro Omori主演: 佐仓绫音 Ayane Sakura / 内山昂辉 K...,8.8,触不到的恋人。,https://movie.douban.com/subject/5989818/
告白,/自白  /  母亲,,导演: 中岛哲也 Tetsuya Nakashima主演: 松隆子 Takako Matsu / 冈田将生 ...,8.8,没有一人完全善，也没有一人完全恶。,https://movie.douban.com/subject/4268598/
喜宴,/囍宴,/The Wedding Banquet,导演: 李安 Ang Lee主演: 赵文瑄 Winston Chao / 归亚蕾 Ya-lei Kuei / 郎...,9.0,,https://movie.douban.com/subject/1303037/
头号玩家,/Ready Player One,/玩家一号  /  挑战者1号(港),导演: 史蒂文·斯皮尔伯格 Steven Spielberg主演: 泰伊·谢里丹 Tye Sheri...,8.6,写给影迷，动漫迷和游戏迷的一封情书。,https://movie.douban.com/subject/4920389/
玛丽和马克思,/Mary and Max,/巧克力情缘(台)  /  同是天涯寂寞客,导演: 亚当·艾略特 Adam Elliot主演: 托妮·科莱特 Toni Collette / 菲利...,9.0,你是我最好的朋友，你是我唯一的朋友 。,https://movie.douban.com/subject/3072124/
模仿游戏,/The Imitation Game,/解码游戏(港)  /  模拟游戏,导演: 莫滕·泰杜姆 Morten Tyldum主演: 本尼迪克特·康伯巴奇 Benedict C...,8.8,他给机器起名“克里斯托弗”，因为这是他初恋的名字。,https://movie.douban.com/subject/10463953/
大鱼,/Big Fish,/大鱼奇缘(港)  /  大智若鱼(台),导演: 蒂姆·波顿 Tim Burton主演: 伊万·麦克格雷格 Ewan McGregor / 阿...,8.8,,https://movie.douban.com/subject/1291545/
七武士,/七人の侍,/七侠四义(港)  /  七剑客(港),导演: 黑泽明 Akira Kurosawa主演: 三船敏郎 Toshirô Mifune / 志村乔 ...,9.3,,https://movie.douban.com/subject/1295399/
惊魂记,/Psycho,/精神病患者  /  触目惊心(港),导演: 阿尔弗雷德·希区柯克 Alfred Hitchcock主演: 安东尼·博金斯 Antho...,9.0,,https://movie.douban.com/subject/1293181/
射雕英雄传之东成西就,/射鵰英雄傳之東成西就,/东成西就  /  大英雄 (日本),导演: 刘镇伟 Jeffrey Lau主演: 梁朝伟 Tony Leung Chiu Wai / 林青霞 Bri...,8.7,,https://movie.douban.com/subject/1316510/
血战钢锯岭,/Hacksaw Ridge,/钢锯岭  /  钢铁英雄(台),导演: 梅尔·吉布森 Mel Gibson主演: 安德鲁·加菲尔德 Andrew Garfield /...,8.7,优秀的战争片不会美化战场，不会粉饰死亡，不会矮化敌人，不会无视常识，最重要的，不会宣扬战争。,https://movie.douban.com/subject/26325320/
我是山姆,/I Am Sam,/不一样的爸爸(港)  /  他不笨，他是我爸爸(台),导演: 杰茜·尼尔森 Jessie Nelson主演: Sean Penn / Dakota Fanning / Mi...,9.0,,https://movie.douban.com/subject/1306861/
你的名字。,/君の名は。,/你的名字  /  君之名,导演: 新海诚 Makoto Shinkai主演: 神木隆之介 Ryûnosuke Kamiki / 上...,8.5,穿越错位的时空，仰望陨落的星辰，你没留下你的名字，我却无法忘记那句“我爱你”。,https://movie.douban.com/subject/26683290/
阳光姐妹淘,/써니,/阳光姊妹淘(港)  /  桑尼,导演: 姜炯哲 Hyeong-Cheol Kang主演: 沈恩京 Eun-kyung Shim / 闵孝琳 Hy...,8.8,再多各自牛逼的时光，也比不上一起傻逼的岁月。 ,https://movie.douban.com/subject/4917726/
恐怖直播,/더 테러 라이브,/死亡“动”新闻(港)  /  恐怖攻击直播(台),导演: 金秉祐 Byeong-woo Kim主演: 河正宇 Jung-woo Ha / 李璟荣 Kyeong-y...,8.7,恐怖分子的“秋菊打官司”。,https://movie.douban.com/subject/21360417/
黑客帝国3：矩阵革命,/The Matrix Revolutions,/22世纪杀人网络3：惊变世纪(港)  /  骇客任务完结篇：最后战役(台),导演: 拉娜·沃卓斯基 Lana Wachowski / 莉莉·沃卓斯基 Lilly Wachowski...,8.8,,https://movie.douban.com/subject/1302467/
背靠背，脸对脸,"/背对背，脸对脸  /  Back to Back, Face to Face",,导演: 黄建新 Jianxin Huang / 杨亚洲 Yazhou Yang主演: 牛振华 Zhenhua N...,9.5,,https://movie.douban.com/subject/1307856/
电锯惊魂,/Saw,/恐惧斗室(港)  /  夺魂锯(台),导演: 詹姆斯·温 James Wan主演: 雷·沃纳尔 Leigh Whannell / 加利·艾...,8.7,真相就在眼前。,https://movie.douban.com/subject/1417598/
心灵奇旅,/Soul,/灵魂奇遇记(港)  /  灵魂急转弯(台),导演: 彼特·道格特 Pete Docter / 凯普·鲍尔斯 Kemp Powers主演: 杰米·...,8.7,,https://movie.douban.com/subject/24733428/
三块广告牌,"/Three Billboards Outside Ebbing, Missouri",/广告牌杀人事件(港)  /  意外(台),导演: 马丁·麦克唐纳 Martin McDonagh主演: 弗兰西斯·麦克多蒙德 France...,8.7,怼天怼地，你走后，她与世界为敌。,https://movie.douban.com/subject/26611804/
小丑,/Joker,/小丑起源电影：罗密欧  /  Romeo,导演: 托德·菲利普斯 Todd Phillips主演: 杰昆·菲尼克斯 Joaquin Phoeni...,8.7,,https://movie.douban.com/subject/27119724/
达拉斯买家俱乐部,/Dallas Buyers Club,/续命枭雄(港)  /  药命俱乐部(台),导演: 让-马克·瓦雷 Jean-Marc Vallée主演: 马修·麦康纳 Matthew McCon...,8.8,Jared Leto的腿比女人还美！,https://movie.douban.com/subject/1793929/
谍影重重3,/The Bourne Ultimatum,/叛谍追击3：最后通牒(港)  /  神鬼认证：最后通牒 (台),导演: 保罗·格林格拉斯 Paul Greengrass主演: 马特·达蒙 Matt Damon / ...,8.9,像吃了苏打饼一样干脆的电影。,https://movie.douban.com/subject/1578507/
疯狂原始人,/The Croods,/古鲁家族(港 / 台) ,导演: 科克·德·米科 Kirk De Micco / 克里斯·桑德斯 Chris Sanders主演...,8.7,老少皆宜，这就是好莱坞动画的魅力。,https://movie.douban.com/subject/1907966/
绿里奇迹,/The Green Mile,/绿色奇迹(台)  /  绿色英里,导演: 弗兰克·德拉邦特 Frank Darabont主演: 汤姆·汉克斯 Tom Hanks / ...,8.9,,https://movie.douban.com/subject/1300374/
无间道2,/無間道II,/无间道前传  /  Infernal Affairs II,导演: 刘伟强 Andrew Lau / 麦兆辉 Alan Mak主演: 陈冠希 Edison Chen / ...,8.8,,https://movie.douban.com/subject/1307106/
爱在午夜降临前,/Before Midnight,/情约半生(港)  /  爱在午夜希腊时(台),导演: 理查德·林克莱特 Richard Linklater主演: 伊桑·霍克 Ethan Hawke ...,8.9,所谓爱情，就是话唠一路，都不会心生腻烦，彼此嫌弃。,https://movie.douban.com/subject/10808442/
海街日记,/海街diary,/海街女孩日记(港)  /  Kamakura Diary,导演: 是枝裕和 Hirokazu Koreeda主演: 绫濑遥 Haruka Ayase / 长泽雅美 M...,8.8,是枝裕和的家庭习作。,https://movie.douban.com/subject/25895901/
上帝之城,/Cidade de Deus,/无主之城(港)  /  无法无天(台),导演: 费尔南多·梅里尔斯 Fernando Meirelles / 卡迪亚·兰德 Kátia Lund&nbsp...,9.0,,https://movie.douban.com/subject/1292208/
英雄本色,/A Better Tomorrow  /  Gangland Boss,,导演: 吴宇森 John Woo主演: 周润发 Yun-Fat Chow / 狄龙 Lung Ti / 张国...,8.6,,https://movie.douban.com/subject/1297574/
风之谷,/風の谷のナウシカ,/风谷少女  /  Kaze no tani no Naushika,导演: 宫崎骏 Hayao Miyazaki主演: 岛本须美 Sumi Shimamoto / 松田洋治 Y...,8.9,,https://movie.douban.com/subject/1291585/
疯狂的石头,/Crazy Stone,,导演: 宁浩 Hao Ning主演: 郭涛 Tao Guo / 刘桦 Hua Liu / 连晋 Teddy Lin,8.6,中国版《两杆大烟枪》。,https://movie.douban.com/subject/1862151/
心迷宫,/殡棺  /  The Coffin in the Mountain,,导演: 忻钰坤 Yukun Xin主演: 霍卫民 Weimin Huo / 王笑天 Xiaotian Wang ...,8.7,荒诞讽刺，千奇百巧，抽丝剥茧，百转千回。,https://movie.douban.com/subject/25917973/
雨中曲,/Singin' in the Rain,/万花嬉春(港 / 台) ,导演: 斯坦利·多南 Stanley Donen / 吉恩·凯利 Gene Kelly主演: 吉恩·...,9.1,,https://movie.douban.com/subject/1293460/
2001太空漫游,/2001: A Space Odyssey,/2001：星际漫游  /  2001：太空奥德赛,导演: 斯坦利·库布里克 Stanley Kubrick主演: 凯尔·杜拉 Keir Dullea / ...,8.9,,https://movie.douban.com/subject/1292226/
纵横四海,/緃横四海,/Once a Thief,导演: 吴宇森 John Woo主演: 周润发 Yun-Fat Chow / 张国荣 Leslie Cheung...,8.8,,https://movie.douban.com/subject/1295409/
记忆碎片,/Memento,/凶心人(港)  /  记忆拼图(台),导演: 克里斯托弗·诺兰 Christopher Nolan主演: 盖·皮尔斯 Guy Pearce /...,8.7,,https://movie.douban.com/subject/1304447/
卢旺达饭店,/Hotel Rwanda,/卢安达饭店(台),导演: 特瑞·乔治 Terry George主演: 唐·钱德尔 Don Cheadle / 苏菲·奥...,8.9,当这个世界闭上双眼，他却敞开了怀抱。,https://movie.douban.com/subject/1291822/
末路狂花,/Thelma & Louise,/塞尔玛与路易丝  /  末路狂花,导演: 雷德利·斯科特 Ridley Scott主演: 吉娜·戴维斯 Geena Davis / 苏...,9.0,,https://movie.douban.com/subject/1291992/
无敌破坏王,/Wreck-It Ralph,/破坏王拉尔夫  /  破坏王大冒险,导演: 瑞奇·莫尔 Rich Moore主演: 约翰·C·赖利 John C. Reilly / 萨拉...,8.7,迪士尼和皮克斯拿错剧本的产物。,https://movie.douban.com/subject/6534248/
小偷家族,/万引き家族,/Shoplifters  /  Une Affaire de Famille,导演: 是枝裕和 Hirokazu Koreeda主演: 中川雅也 Lily Franky / 安藤樱 Sa...,8.7,我们组成了家。,https://movie.douban.com/subject/27622447/
高山下的花环,/卫国军魂(港)  /  Wreaths at the Foot of the Mountain,,导演: 谢晋 Jin Xie主演: 吕晓禾 Xiaohe Lü / 唐国强 Guoqiang Tang / 何...,9.5,,https://movie.douban.com/subject/1422283/
冰川时代,/Ice Age,/冰河世纪  /  冰原历险记,导演: 卡洛斯·沙尔丹哈 Carlos Saldanha / 克里斯·韦奇 Chris Wedge主演...,8.6,,https://movie.douban.com/subject/1291578/
恐怖游轮,/Triangle,/汪洋血迷宮(台)  /  轮回三角,导演: 克里斯托弗·史密斯 Christopher Smith主演: 梅利莎·乔治 Melissa ...,8.5,不要企图在重复中寻找已经失去的爱。,https://movie.douban.com/subject/3011051/
东京教父,/東京ゴッドファーザーズ,/Tokyo Godfathers,导演: 今敏 Satoshi Kon主演: 江守彻 Toru Emori / 梅垣义明 Yoshiaki Ume...,9.0,,https://movie.douban.com/subject/1310177/
牯岭街少年杀人事件,/牯嶺街少年殺人事件,/A Brighter Summer Day,导演: 杨德昌 Edward Yang主演: 张震 Chen Chang / 杨静怡 Lisa Yang / 张...,8.9,,https://movie.douban.com/subject/1292329/
岁月神偷,/歲月神偷,/1969太空漫游  /  Echoes Of The Rainbow,导演: 罗启锐 Alex Law主演: 吴君如 Sandra Ng / 任达华 Simon Yam / 钟绍...,8.7,岁月流逝，来日可追。,https://movie.douban.com/subject/3792799/
忠犬八公物语,/ハチ公物語,/八千公物语  /  阿八的故事,导演: 神山征二郎 Seijirô Kôyama主演: 仲代达矢 Tatsuya Nakadai /...,9.2,,https://movie.douban.com/subject/1959195/
魔女宅急便,/魔女の宅急便,/魔女琪琪(台)  /  小魔女限时专送,导演: 宫崎骏 Hayao Miyazaki主演: 高山南 Minami Takayama / 佐久间玲 Re...,8.7,,https://movie.douban.com/subject/1307811/
荒蛮故事,/Relatos salvajes,/蛮荒故事  /  生命中最抓狂的小事(台),导演: 达米安·斯兹弗隆 Damián Szifron主演: 达里奥·葛兰帝内提 Darío...,8.8,始于荒诞，止于更荒诞。,https://movie.douban.com/subject/24750126/
遗愿清单,/The Bucket List,/玩转身前事(港)  /  一路玩到挂(台),导演: 罗伯·莱纳 Rob Reiner主演: 杰克·尼科尔森 Jack Nicholson / 摩根...,8.7,用剩余不多的时间，去燃烧整个生命。,https://movie.douban.com/subject/1867345/
大佛普拉斯,/The Great Buddha+,,导演: 黄信尧 Hsin-yao Huang主演: 庄益增 Yizeng Zhuang / 陈竹昇 Chu-sh...,8.7,人们可以登上月球，却永远无法探索人们内心的宇宙。,https://movie.douban.com/subject/27059130/
贫民窟的百万富翁,/Slumdog Millionaire,/一百万零一夜(港)  /  贫民百万富翁(台),导演: 丹尼·鲍尔 Danny Boyle / 洛芙琳·坦丹 Loveleen Tandan主演: 戴夫...,8.6,上帝之城+猜火车+阿甘正传+开心辞典=山寨富翁,https://movie.douban.com/subject/2209573/
源代码,/Source Code,/启动原始码(台)  /  危机解密(港),导演: 邓肯·琼斯 Duncan Jones主演: 杰克·吉伦哈尔 Jake Gyllenhaal / ...,8.6,邓肯·琼斯继《月球》之后再度奉献出一部精彩绝伦的科幻佳作。,https://movie.douban.com/subject/3075287/
东邪西毒,/東邪西毒,/Ashes of Time,导演: 王家卫 Kar Wai Wong主演: 张国荣 Leslie Cheung / 林青霞 Brigitte...,8.6,,https://movie.douban.com/subject/1292328/
你看起来好像很好吃,/おまえうまそうだな,/你看起来很好吃(台)  /  你看上去好像很好吃,导演: 藤森雅也 Masaya Fujimori主演: 山口胜平 Kappei Yamaguchi / 爱河...,8.9,感情不分食草或者食肉。,https://movie.douban.com/subject/4848115/
疯狂的麦克斯4：狂暴之路,/Mad Max: Fury Road,/末日先锋：战甲飞车(港)  /  疯狂麦斯：愤怒道(台),导演: 乔治·米勒 George Miller主演: 汤姆·哈迪 Tom Hardy / 查理兹·塞...,8.7,“多么美好的一天！”轰轰轰砰咚，啪哒哒哒轰隆隆，磅~,https://movie.douban.com/subject/3592854/
芙蓉镇,/Hibiscus Town,,导演: 谢晋 Jin Xie主演: 刘晓庆 Xiaoqing Liu / 姜文 Wen Jiang / 郑在石...,9.3,,https://movie.douban.com/subject/1297880/
可可西里,/Kekexili: Mountain Patrol,,导演: 陆川 Chuan Lu主演: 多布杰 Duobujie / 张磊 Lei Zhang / 亓亮 Qi L...,8.9,坚硬的信仰。,https://movie.douban.com/subject/1308857/
爆裂鼓手,/Whiplash,/鼓动真我(港)  /  进击的鼓手(台),导演: 达米恩·查泽雷 Damien Chazelle主演: 迈尔斯·特勒 Miles Teller /...,8.6,这个世界从不善待努力的人，努力了也不一定会成功，但是知道自己在努力，就是活下去的动力。,https://movie.douban.com/subject/25773932/
城市之光,/City Lights,/City Lights: A Comedy Romance in Pantomime  /  Lichter der Großstadt,导演: 查理·卓别林 Charles Chaplin主演: 查理·卓别林 Charles Chaplin ...,9.3,,https://movie.douban.com/subject/1293908/
波西米亚狂想曲,/Bohemian Rhapsody,/波希米亚狂想曲：摇滚传说(港)  /  波希米亚狂想曲(台),导演: 布莱恩·辛格 Bryan Singer主演: 拉米·马雷克 Rami Malek / 本·哈...,8.6,,https://movie.douban.com/subject/5300054/
花束般的恋爱,/花束みたいな恋をした,/她和他的恋爱花期(港)  /  爱如花束 恋恋不忘,导演: 土井裕泰 Nobuhiro Doi主演: 菅田将晖 Masaki Suda / 有村架纯 Kasu...,8.6,,https://movie.douban.com/subject/34874432/
黑天鹅,/Black Swan,/夺命黑天鹅  /  霸王别鹅(豆友译名),导演: 达伦·阿罗诺夫斯基 Darren Aronofsky主演: 娜塔莉·波特曼 Natalie...,8.6,黑暗之美。,https://movie.douban.com/subject/1978709/
爱乐之城,/La La Land,/星声梦里人(港)  /  乐来越爱你(台),导演: 达米恩·查泽雷 Damien Chazelle主演: 瑞恩·高斯林 Ryan Gosling /...,8.4,,https://movie.douban.com/subject/25934014/
青蛇,/Green Snake,,导演: 徐克 Hark Tsui主演: 张曼玉 Maggie Cheung / 王祖贤 Joey Wang / ...,8.6,,https://movie.douban.com/subject/1303394/
白日梦想家,/The Secret Life of Walter Mitty,/发梦王大历险(港)  /  白日梦冒险王(台),导演: 本·斯蒂勒 Ben Stiller主演: 本·斯蒂勒 Ben Stiller / 克里斯汀·...,8.6,,https://movie.douban.com/subject/2133323/
哈利·波特与死亡圣器(上),/Harry Potter and the Deathly Hallows: Part 1,/哈利波特7：死神的圣物1(港 / 台) ,导演: 大卫·叶茨 David Yates主演: 丹尼尔·雷德克里夫 Daniel Radcliffe...,8.6,最忠于原著的一部。,https://movie.douban.com/subject/2051007/
终结者2：审判日,/Terminator 2: Judgment Day,/未来战士2(港)  /  魔鬼终结者2(台),导演: 詹姆斯·卡梅隆 James Cameron主演: 阿诺·施瓦辛格 Arnold Schwarz...,8.8,,https://movie.douban.com/subject/1291844/
初恋这件小事,/สิ่งเล็กเล็กที่เรียกว่า...รัก,/初恋那件小事(港)  /  暗恋那点小事,导演: 普特鹏·普罗萨卡·那·萨克那卡林 Puttipong Promsaka Na Sakolnakorn / 华森·波克彭...,8.5,黑小鸭速效美白记。,https://movie.douban.com/subject/4739952/
雨人,/Rain Man,/手足情未了(港)  /  手足情深,导演: 巴瑞·莱文森 Barry Levinson主演: 达斯汀·霍夫曼 Dustin Hoffman ...,8.7,,https://movie.douban.com/subject/1291870/
无耻混蛋,/Inglourious Basterds,/希魔撞正杀人狂(港)  /  恶棍特工(台),导演: 昆汀·塔伦蒂诺 Quentin Tarantino主演: 布拉德·皮特 Brad Pitt / ...,8.7,昆汀同学越来越变态了，比北野武还杜琪峰。,https://movie.douban.com/subject/1438652/
新龙门客栈,/新龍門客棧,/New Dragon Gate Inn,导演: 李惠民 Raymond Lee主演: 张曼玉 Maggie Cheung / 林青霞 Brigitte ...,8.7,,https://movie.douban.com/subject/1292287/
人工智能,/A.I. Artificial Intelligence,/AI人工智慧,导演: 史蒂文·斯皮尔伯格 Steven Spielberg主演: 海利·乔·奥斯蒙 Haley...,8.7,,https://movie.douban.com/subject/1302827/
虎口脱险,/La grande vadrouille,/横冲直撞出重围(港)  /  大進擊(台),导演: 杰拉尔·乌里 Gérard Oury主演: 路易·德·菲耐斯 Louis de Funès...,8.9,,https://movie.douban.com/subject/1296909/
真爱至上,/Love Actually,/真的恋爱了(港)  /  爱是您，爱是我(台),导演: 理查德·柯蒂斯 Richard Curtis主演: 休·格兰特 Hugh Grant / 连姆...,8.5,,https://movie.douban.com/subject/1292401/
崖上的波妞,/崖の上のポニョ,/悬崖上的金鱼姬  /  悬崖上的金鱼公主,导演: 宫崎骏 Hayao Miyazaki主演: 奈良柚莉爱 Yuria Nara / 土井洋辉 Hir...,8.6,,https://movie.douban.com/subject/1959877/
恋恋笔记本,/The Notebook,/忘了·忘不了(港)  /  手札情缘(台),导演: 尼克·卡索维茨 Nick Cassavetes主演: 瑞恩·高斯林 Ryan Gosling /...,8.5,爱情没有那么多借口，如果不能圆满，只能说明爱的不够。 ,https://movie.douban.com/subject/1309163/
千钧一发,/Gattaca,/变种异煞(港)  /  自然人,导演: 安德鲁·尼科尔 Andrew Niccol主演: 伊桑·霍克 Ethan Hawke / 乌玛...,8.8,,https://movie.douban.com/subject/1300117/
罗生门,/羅生門,/Rashomon,导演: 黑泽明 Akira Kurosawa主演: 三船敏郎 Toshirô Mifune / 京町子 ...,8.8,,https://movie.douban.com/subject/1291879/
大红灯笼高高挂,/Raise The Red Lantern  /  Épouses et concubines,,导演: 张艺谋 Yimou Zhang主演: 巩俐 Li Gong / 马精武 Jingwu Ma / 何赛...,8.8,,https://movie.douban.com/subject/1293323/
彗星来的那一夜,/Coherence,/相干性  /  相干效应,导演: 詹姆斯·沃德·布柯特 James Ward Byrkit主演: 艾米丽·芭尔多尼 Em...,8.6,小成本大魅力。,https://movie.douban.com/subject/25807345/
哈利·波特与凤凰社,/Harry Potter and the Order of the Phoenix,/哈利波特5：凤凰会的密令(港 / 台) ,导演: 大卫·叶茨 David Yates主演: 丹尼尔·雷德克里夫 Daniel Radcliffe...,8.5,,https://movie.douban.com/subject/1457217/
海边的曼彻斯特,/Manchester by the Sea,/情系海边之城(港),导演: 肯尼斯·罗纳根 Kenneth Lonergan主演: 卡西·阿弗莱克 Casey Affle...,8.6,我们都有权利不与自己的过去和解。,https://movie.douban.com/subject/25980443/
机器人之梦,/Robot Dreams,/再见机器人(台)  /  汪汪梦里人(港),导演: 巴勃罗·贝格尔 Pablo Berger主演: 伊万·拉班达 Ivan Labanda / 阿...,9.1,,https://movie.douban.com/subject/35426925/
火星救援,/The Martian,/火星任务(港)  /  绝地救援(台),导演: 雷德利·斯科特 Ridley Scott主演: 马特·达蒙 Matt Damon / 杰西卡...,8.5,,https://movie.douban.com/subject/25864085/
黑客帝国2：重装上阵,/The Matrix Reloaded,/22世纪杀人网络2：决战未来(港)  /  骇客任务：重装上阵(台),导演: 拉娜·沃卓斯基 Lana Wachowski / 莉莉·沃卓斯基 Lilly Wachowski...,8.7,,https://movie.douban.com/subject/1304141/
萤火虫之墓,/火垂るの墓,/再见萤火虫(港)  /  萤火挽歌,导演: 高畑勋 Isao Takahata主演: 辰己努 / 白石绫乃 / 志乃原良子,8.7,,https://movie.douban.com/subject/1293318/
奇迹男孩,/Wonder,/奇迹,导演: 斯蒂芬·卓博斯基 Stephen Chbosky主演: 雅各布·特伦布莱 Jacob Tr...,8.6,世界不完美，爱会有奇迹。,https://movie.douban.com/subject/26787574/
战争之王,/Lord of War,/军火之王(台 / 港) ,导演: 安德鲁·尼科尔 Andrew Niccol主演: 尼古拉斯·凯奇 Nicolas Cage /...,8.7,做一颗让别人需要你的棋子。,https://movie.douban.com/subject/1419936/
千年女优,/千年女優,/Millennium Actress,导演: 今敏 Satoshi Kon主演: 庄司美代子 Miyoko Shôji / 小山茉美 Mam...,8.8,,https://movie.douban.com/subject/1307394/
步履不停,/歩いても 歩いても,/横山家之味(港 / 台) ,导演: 是枝裕和 Hirokazu Koreeda主演: 阿部宽 Hiroshi Abe / 夏川结衣 Yu...,8.8,日本的家庭电影已经是世界巅峰了，步履不停是巅峰中的佳作。,https://movie.douban.com/subject/2222996/
血钻,/Blood Diamond,/血钻石(台)  /  血腥钻石,导演: 爱德华·兹威克 Edward Zwick主演: 莱昂纳多·迪卡普里奥 Leonardo ...,8.7,每个美丽事物背后都是滴血的现实。,https://movie.douban.com/subject/1428175/
谍影重重2,/The Bourne Supremacy,/叛谍追击2：机密圈套(港)  /  神鬼认证：神鬼疑云(台),导演: 保罗·格林格拉斯 Paul Greengrass主演: 马特·达蒙 Matt Damon / ...,8.7,谁说王家卫镜头很晃？,https://movie.douban.com/subject/1308767/
蜘蛛侠：平行宇宙,/Spider-Man: Into the Spider-Verse,/蜘蛛侠：新纪元  /  蜘蛛人：新宇宙(台),导演: 鲍勃·佩尔西凯蒂 Bob Persichetti / 彼得·拉姆齐 Peter Ramsey主...,8.6,,https://movie.douban.com/subject/26374197/
魂断蓝桥,/Waterloo Bridge,/滑铁卢桥  /  断桥残梦,导演: 茂文·勒鲁瓦 Mervyn LeRoy主演: 费雯·丽 Vivien Leigh / 罗伯特·...,8.8,,https://movie.douban.com/subject/1293964/
房间,/Room,/不存在的房间(台)  /  抖室(港),导演: 伦尼·阿伯拉罕森 Lenny Abrahamson主演: 布丽·拉尔森 Brie Larson...,8.8,被偷走的岁月，被伤害的生命，被禁锢的灵魂，终将被希望和善意救赎。,https://movie.douban.com/subject/25724855/
冰雪奇缘,/Frozen,/魔雪奇缘(港)  /  冰雪大冒险,导演: 克里斯·巴克 Chris Buck / 珍妮弗·李 Jennifer Lee主演: 克里斯汀...,8.5,,https://movie.douban.com/subject/4202982/
隐藏人物,/Hidden Figures,/NASA无名英雌(港)  /  关键少数(台),导演: 特奥多尔·梅尔菲 Theodore Melfi主演: 塔拉吉·P·汉森 Taraji P. ...,8.9,,https://movie.douban.com/subject/26615208/
谍影重重,/The Bourne Identity,/叛谍追击(港)  /  神鬼认证(台),导演: 道格·里曼 Doug Liman主演: 马特·达蒙 Matt Damon / 弗兰卡·波坦...,8.6,,https://movie.douban.com/subject/1304102/
弱点,/The Blind Side,/守护有心人(港)  /  攻其不备(台),导演: 约翰·李·汉考克 John Lee Hancock主演: 桑德拉·布洛克 Sandra Bu...,8.7,拍掉身上的悲伤，从今天开始重新踏上追梦之旅。,https://movie.douban.com/subject/3552028/
